<?xml version="1.0" encoding="UTF-8"?>
<project-private xmlns="http://www.netbeans.org/ns/project-private/1">
    <editor-bookmarks xmlns="http://www.netbeans.org/ns/editor-bookmarks/2" lastBookmarkId="0"/>
    <open-files xmlns="http://www.netbeans.org/ns/projectui-open-files/2">
        <group>
            <file>file:/C:/Users/Lenovo/Documents/NetBeansProjects/tabunganku/src/app/transaction.java</file>
            <file>file:/C:/Users/Lenovo/Documents/NetBeansProjects/tabunganku/src/app/admin.java</file>
            <file>file:/C:/Users/Lenovo/Documents/NetBeansProjects/tabunganku/src/app/transaksiuser.java</file>
            <file>file:/C:/Users/Lenovo/Documents/NetBeansProjects/tabunganku/src/app/SignUp.java</file>
            <file>file:/C:/Users/Lenovo/Documents/NetBeansProjects/tabunganku/src/app/edit.java</file>
            <file>file:/C:/Users/Lenovo/Documents/NetBeansProjects/tabunganku/src/app/adminlogin.java</file>
            <file>file:/C:/Users/Lenovo/Documents/NetBeansProjects/tabunganku/src/app/login.java</file>
            <file>file:/C:/Users/Lenovo/Documents/NetBeansProjects/tabunganku/src/app/detail_transaction.java</file>
            <file>file:/C:/Users/Lenovo/Documents/NetBeansProjects/tabunganku/src/app/kelolauser.java</file>
        </group>
    </open-files>
</project-private>
