<?xml version="1.0" encoding="UTF-8"?>
<project-private xmlns="http://www.netbeans.org/ns/project-private/1">
    <editor-bookmarks xmlns="http://www.netbeans.org/ns/editor-bookmarks/2" lastBookmarkId="0"/>
    <open-files xmlns="http://www.netbeans.org/ns/projectui-open-files/2">
        <group>
            <file>file:/C:/Users/anggi/OneDrive/Documents/semester%204/PBO/Project%20PBO/show%20result/app.main/src/app/login.java</file>
            <file>file:/C:/Users/anggi/OneDrive/Documents/semester%204/PBO/Project%20PBO/show%20result/app.main/src/app/detail_transaction.java</file>
            <file>file:/C:/Users/anggi/OneDrive/Documents/semester%204/PBO/Project%20PBO/show%20result/app.main/src/app/editdata.java</file>
            <file>file:/C:/Users/anggi/OneDrive/Documents/semester%204/PBO/Project%20PBO/show%20result/app.main/src/app/koneksi.java</file>
            <file>file:/C:/Users/anggi/OneDrive/Documents/semester%204/PBO/Project%20PBO/show%20result/app.main/src/app/mainDasboard.java</file>
            <file>file:/C:/Users/anggi/OneDrive/Documents/semester%204/PBO/Project%20PBO/show%20result/app.main/src/app/transactionincome.java</file>
        </group>
    </open-files>
</project-private>
